a,b,c,d,policy_chosen_logp,policy_rejected_logp,sft_chosen_logp,sft_rejected_logp,chosen_first_probability,presentation_target,presentation_probability
0.6682636737823486,1.6994662284851074,1.183864951133728,-1.0312025547027588,-2.164520502090454,-2.8506507873535156,-2.8327841758728027,-4.550117015838623,0.4742427568415394,1.0,0.4742427568415394
0.28427934646606445,1.356691837310791,0.8204855918884277,-1.0724124908447266,-3.5651493072509766,-5.001873970031738,-3.849428653717041,-6.358565807342529,0.47321535295998796,0.0,0.526784647040012
1.236346960067749,0.926910400390625,1.081628680229187,0.309436559677124,-2.5981268882751465,-4.111904144287109,-3.8344738483428955,-5.038814544677734,0.5077352967832093,1.0,0.5077352967832093
0.31610584259033203,0.9582624435424805,0.6371841430664062,-0.6421566009521484,-2.899289608001709,-3.325422763824463,-3.215395450592041,-4.283685207366943,0.4839515994308026,0.0,0.5160484005691974
0.5453050136566162,0.11988162994384766,0.33259332180023193,0.42542338371276855,-2.8168864250183105,-2.418191909790039,-3.3621914386749268,-2.5380735397338867,0.5106339808148561,1.0,0.5106339808148561
0.3634634017944336,0.19999957084655762,0.2817314863204956,0.16346383094787598,-3.6722412109375,-3.5045878887176514,-4.035704612731934,-3.704587459564209,0.5040865047798183,0.0,0.4959134952201817
0.7258985042572021,0.46429944038391113,0.5950989723205566,0.261599063873291,-2.0970144271850586,-3.4905173778533936,-2.8229129314422607,-3.9548168182373047,0.5065396036580059,1.0,0.5065396036580059
1.6100561618804932,1.1359379291534424,1.3729970455169678,0.4741182327270508,-3.5923397541046143,-3.060396432876587,-5.202395915985107,-4.196334362030029,0.5118507359810002,0.0,0.48814926401899983
0.8305530548095703,0.3949570655822754,0.6127550601959229,0.4355959892272949,-3.5759215354919434,-3.872265338897705,-4.406474590301514,-4.2672224044799805,0.5108881781476137,1.0,0.5108881781476137
0.2652320861816406,0.5936272144317627,0.42942965030670166,-0.32839512825012207,-2.283931255340576,-2.582327365875244,-2.549163341522217,-3.175954580307007,0.4917908595315645,0.0,0.5082091404684355
0.30924272537231445,2.2051591873168945,1.2572009563446045,-1.89591646194458,-3.1653831005096436,-2.912726402282715,-3.474625825881958,-5.117885589599609,0.4527435564304257,1.0,0.4527435564304257
-0.058737993240356445,-0.08696985244750977,-0.0728539228439331,0.02823185920715332,-2.7306413650512695,-3.0373964309692383,-2.671903371810913,-2.9504265785217285,0.5007057960113904,0.0,0.4992942039886096
3.2302112579345703,4.251438617706299,3.7408249378204346,-1.0212273597717285,-3.0090837478637695,-4.1234354972839355,-6.23929500579834,-8.374874114990234,0.4744914812948373,1.0,0.4744914812948373
0.7666871547698975,0.29268670082092285,0.5296869277954102,0.4740004539489746,-2.9622364044189453,-3.465060234069824,-3.7289235591888428,-3.757746934890747,0.5118477931652221,0.0,0.4881522068347779
1.8995227813720703,3.433457374572754,2.666490077972412,-1.5339345932006836,-4.1145524978637695,-4.20446252822876,-6.01407527923584,-7.637919902801514,0.46172665198842106,1.0,0.46172665198842106
0.6200540065765381,-0.3914327621459961,0.114310622215271,1.0114867687225342,-2.834264039993286,-3.53237247467041,-3.454318046569824,-3.140939712524414,0.5252656317183589,0.0,0.47473436828164106
1.1825041770935059,0.7542521953582764,0.9683781862258911,0.4282519817352295,-3.0171518325805664,-2.9784538745880127,-4.199656009674072,-3.732706069946289,0.5107046635661135,1.0,0.5107046635661135
0.4214448928833008,0.33702826499938965,0.3792365789413452,0.08441662788391113,-2.396939516067505,-3.242941379547119,-2.8183844089508057,-3.579969644546509,0.5021104031645414,0.0,0.49788959683545864
0.6550607681274414,0.11704063415527344,0.3860507011413574,0.538020133972168,-4.376349925994873,-3.256493091583252,-5.0314106941223145,-3.3735337257385254,0.5134472597391392,1.0,0.5134472597391392
0.3465237617492676,1.2878575325012207,0.8171906471252441,-0.9413337707519531,-3.951730728149414,-3.671877384185791,-4.298254489898682,-4.959734916687012,0.47648401794193307,0.0,0.5235159820580669
0.5570886135101318,0.08490920066833496,0.3209989070892334,0.4721794128417969,-3.2131354808807373,-3.0362744331359863,-3.770224094390869,-3.1211836338043213,0.5118022926014905,1.0,0.5118022926014905
-0.21033525466918945,1.1367220878601074,0.463193416595459,-1.3470573425292969,-3.731933116912842,-2.850191354751587,-3.5215978622436523,-3.9869134426116943,0.46637439755797766,0.0,0.5336256024420223
0.7174458503723145,1.8524763584136963,1.2849611043930054,-1.1350305080413818,-2.7782845497131348,-3.0386803150177,-3.495730400085449,-4.8911566734313965,0.47165466171400566,1.0,0.47165466171400566
0.7350139617919922,0.36088132858276367,0.5479476451873779,0.3741326332092285,-2.5876619815826416,-4.3292460441589355,-3.322675943374634,-4.690127372741699,0.5093522249558353,0.0,0.4906477750441647
0.4651494026184082,0.4704110622406006,0.4677802324295044,-0.005261659622192383,-3.091176748275757,-1.9375405311584473,-3.556326150894165,-2.407951593399048,0.4998684585124801,1.0,0.4998684585124801
0.24568581581115723,1.531855583190918,0.8887706995010376,-1.2861697673797607,-3.711294651031494,-3.0845913887023926,-3.9569804668426514,-4.6164469718933105,0.4678900081143704,0.0,0.5321099918856296
0.5740656852722168,0.4743664264678955,0.5242160558700562,0.09969925880432129,-2.473127603530884,-3.2464773654937744,-3.0471932888031006,-3.72084379196167,0.5024924608243785,1.0,0.5024924608243785
0.15675270557403564,0.7458951473236084,0.451323926448822,-0.5891424417495728,-1.8756264448165894,-2.203279972076416,-2.032379150390625,-2.9491751194000244,0.485275697577167,0.0,0.514724302422833
1.08595609664917,0.8333015441894531,0.9596288204193115,0.2526545524597168,-2.783278226852417,-3.4132909774780273,-3.869234323501587,-4.2465925216674805,0.5063160278322675,1.0,0.5063160278322675
0.7311367988586426,0.4096238613128662,0.5703803300857544,0.32151293754577637,-2.9136056900024414,-3.538841485977173,-3.644742488861084,-3.948465347290039,0.5080371311148915,0.0,0.49196286888510854
0.37084174156188965,1.16654634475708,0.7686940431594849,-0.7957046031951904,-3.2413763999938965,-3.245166778564453,-3.612218141555786,-4.411713123321533,0.4801178740506862,1.0,0.4801178740506862
0.9192116260528564,1.6354291439056396,1.277320384979248,-0.7162175178527832,-3.220823049545288,-3.934117078781128,-4.1400346755981445,-5.569546222686768,0.4821022122196913,0.0,0.5178977877803087
0.22464680671691895,0.3628196716308594,0.29373323917388916,-0.13817286491394043,-3.3656468391418457,-4.52432107925415,-3.5902936458587646,-4.88714075088501,0.4965457333336126,1.0,0.4965457333336126
0.0245513916015625,1.5838170051574707,0.8041841983795166,-1.5592656135559082,-3.8572402000427246,-4.485889434814453,-3.881791591644287,-6.069706439971924,0.4610971484591093,0.0,0.5389028515408907
0.30899763107299805,0.6801238059997559,0.49456071853637695,-0.3711261749267578,-3.5931427478790283,-4.451264381408691,-3.9021403789520264,-5.131388187408447,0.4907229104161989,1.0,0.4907229104161989
0.8446264266967773,0.8680908679962158,0.8563586473464966,-0.023464441299438477,-4.266867637634277,-3.982012987136841,-5.111494064331055,-4.850103855133057,0.4994133892366608,0.0,0.5005866107633392
0.5279989242553711,1.084136962890625,0.806067943572998,-0.5561380386352539,-4.67195987701416,-3.2005534172058105,-5.199958801269531,-4.2846903800964355,0.4861001314191686,1.0,0.4861001314191686
1.3000972270965576,-0.03490924835205078,0.6325939893722534,1.3350064754486084,-2.4423208236694336,-5.109827041625977,-3.742418050765991,-5.074917793273926,0.5333256812167759,0.0,0.4666743187832241
0.45484352111816406,0.9429342746734619,0.698888897895813,-0.48809075355529785,-3.717062473297119,-2.6336233615875244,-4.171905994415283,-3.5765576362609863,0.4878001530658364,1.0,0.4878001530658364
-0.13083839416503906,0.11841297149658203,-0.006212711334228516,-0.2492513656616211,-2.3899405002593994,-4.191557884216309,-2.2591021060943604,-4.309970855712891,0.4937690384436473,0.0,0.5062309615563527
-0.4676985740661621,-0.5871398448944092,-0.5274192094802856,0.11944127082824707,-2.7691104412078857,-2.8269455432891846,-2.3014118671417236,-2.2398056983947754,0.5029859962717311,1.0,0.5029859962717311
0.2389979362487793,0.5789964199066162,0.40899717807769775,-0.3399984836578369,-2.4575963020324707,-2.473045825958252,-2.69659423828125,-3.052042245864868,0.4915008566362879,0.0,0.508499143363712
0.7147974967956543,0.7040631771087646,0.7094303369522095,0.010734319686889648,-2.604952096939087,-3.4733521938323975,-3.319749593734741,-4.177415370941162,0.5002683579664041,1.0,0.5002683579664041
-0.27069997787475586,0.03326106071472168,-0.11871945858001709,-0.30396103858947754,-4.9694132804870605,-3.5804176330566406,-4.698713302612305,-3.6136786937713623,0.4924015590575327,0.0,0.5075984409424673
0.6569364070892334,1.0597686767578125,0.858352541923523,-0.4028322696685791,-3.3927481174468994,-3.702242374420166,-4.049684524536133,-4.7620110511779785,0.4899305548943752,1.0,0.4899305548943752
0.20981192588806152,0.7900547981262207,0.4999333620071411,-0.5802428722381592,-2.5944647789001465,-2.8627490997314453,-2.804276704788208,-3.652803897857666,0.48549799676609806,0.0,0.5145020032339019
0.8115618228912354,0.6593902111053467,0.735476016998291,0.15217161178588867,-2.986783266067505,-2.26855731010437,-3.7983450889587402,-2.927947521209717,0.5038042168855931,1.0,0.5038042168855931
0.31211400032043457,0.9075412750244141,0.6098276376724243,-0.5954272747039795,-3.1593129634857178,-3.287217617034912,-3.4714269638061523,-4.194758892059326,0.48511871446956467,0.0,0.5148812855304353
1.511338472366333,0.4399380683898926,0.9756382703781128,1.0714004039764404,-3.3101465702056885,-2.7932631969451904,-4.8214850425720215,-3.233201265335083,0.5267594174087975,1.0,0.5267594174087975
2.4890553951263428,0.5757524967193604,1.5324039459228516,1.9133028984069824,-2.043952226638794,-3.9482500553131104,-4.533007621765137,-4.524002552032471,0.5476871862925262,0.0,0.4523128137074738
1.4648499488830566,1.0484569072723389,1.2566534280776978,0.4163930416107178,-2.922985076904297,-2.9529731273651123,-4.3878350257873535,-4.001430034637451,0.5104083222271808,1.0,0.5104083222271808
-0.01597309112548828,1.0238454341888428,0.5039361715316772,-1.039818525314331,-3.2966127395629883,-3.1380550861358643,-3.2806396484375,-4.161900520324707,0.47402793397110893,0.0,0.5259720660288911
0.21676278114318848,1.3078503608703613,0.7623065710067749,-1.0910875797271729,-2.4989211559295654,-2.543419122695923,-2.715683937072754,-3.851269483566284,0.4727498389417113,1.0,0.4727498389417113
0.49242711067199707,0.7399938106536865,0.6162104606628418,-0.24756669998168945,-2.5795671939849854,-3.053975820541382,-3.0719943046569824,-3.7939696311950684,0.49381114858905467,0.0,0.5061888514109454
1.0869786739349365,0.10319304466247559,0.595085859298706,0.9837856292724609,-3.069654703140259,-3.0980570316314697,-4.156633377075195,-3.2012500762939453,0.5245748236332886,1.0,0.5245748236332886
0.49149537086486816,0.7971088886260986,0.6443021297454834,-0.30561351776123047,-2.686042547225952,-2.0122601985931396,-3.1775379180908203,-2.8093690872192383,0.49236025667099736,0.0,0.5076397433290026
0.3158566951751709,0.2999238967895508,0.30789029598236084,0.015932798385620117,-3.018005609512329,-3.4250335693359375,-3.3338623046875,-3.7249574661254883,0.500398319875378,1.0,0.500398319875378
0.2723677158355713,0.49271321296691895,0.3825404644012451,-0.22034549713134766,-2.9866585731506348,-3.3379478454589844,-3.259026288986206,-3.8306610584259033,0.4944915854409998,0.0,0.5055084145590002
1.0099132061004639,0.3166985511779785,0.6633058786392212,0.6932146549224854,-3.6074326038360596,-3.3918254375457764,-4.617345809936523,-3.708523988723755,0.5173234296665319,1.0,0.5173234296665319
0.32891082763671875,0.5822362899780273,0.45557355880737305,-0.2533254623413086,-3.6877288818359375,-2.24078369140625,-4.016639709472656,-2.8230199813842773,0.49366720210421294,0.0,0.506332797895787
0.5325958728790283,0.23253178596496582,0.38256382942199707,0.3000640869140625,-2.3064870834350586,-2.966362476348877,-2.839082956314087,-3.1988942623138428,0.5075010393629602,1.0,0.5075010393629602
0.6606085300445557,0.5321693420410156,0.5963889360427856,0.12843918800354004,-3.1473679542541504,-3.774036407470703,-3.807976484298706,-4.306205749511719,0.5032109355588766,0.0,0.49678906444112336
0.20494723320007324,0.5271544456481934,0.3660508394241333,-0.3222072124481201,-2.7604408264160156,-2.361407995223999,-2.965388059616089,-2.8885624408721924,0.49194551650694124,1.0,0.49194551650694124
-0.08914542198181152,0.6320991516113281,0.2714768648147583,-0.7212445735931396,-3.3571083545684814,-2.7303571701049805,-3.26796293258667,-3.3624563217163086,0.48197669799019943,0.0,0.5180233020098006
