run_index,run_key,loss,model_label,model_id,dataset,noise,seed,train_pairs,eval_pairs,max_length,max_steps,batch_size,grad_accum,learning_rate,beta,lora_rank,lora_alpha,lora_dropout,curvature_batches,hessian_power_iterations,generation_prompts,checkpoint_every,log_every,coverage_status,result_file,validation_issues
0,000_pairwise_3B_ultrafeedback_noise0.0_seed11,pairwise,3B,Qwen/Qwen2.5-3B-Instruct,ultrafeedback,0.0,11,4000,800,256,400,1,16,0.0002,0.1,16,32,0.05,6,5,32,25,1,missing,,[]
1,001_pairwise_3B_ultrafeedback_noise0.0_seed29,pairwise,3B,Qwen/Qwen2.5-3B-Instruct,ultrafeedback,0.0,29,4000,800,256,400,1,16,0.0002,0.1,16,32,0.05,6,5,32,25,1,missing,,[]
2,002_pairwise_3B_ultrafeedback_noise0.0_seed47,pairwise,3B,Qwen/Qwen2.5-3B-Instruct,ultrafeedback,0.0,47,4000,800,256,400,1,16,0.0002,0.1,16,32,0.05,6,5,32,25,1,missing,,[]
3,003_pairwise_3B_ultrafeedback_noise0.1_seed11,pairwise,3B,Qwen/Qwen2.5-3B-Instruct,ultrafeedback,0.1,11,4000,800,256,400,1,16,0.0002,0.1,16,32,0.05,6,5,32,25,1,missing,,[]
4,004_pairwise_3B_ultrafeedback_noise0.1_seed29,pairwise,3B,Qwen/Qwen2.5-3B-Instruct,ultrafeedback,0.1,29,4000,800,256,400,1,16,0.0002,0.1,16,32,0.05,6,5,32,25,1,missing,,[]
5,005_pairwise_3B_ultrafeedback_noise0.1_seed47,pairwise,3B,Qwen/Qwen2.5-3B-Instruct,ultrafeedback,0.1,47,4000,800,256,400,1,16,0.0002,0.1,16,32,0.05,6,5,32,25,1,missing,,[]
6,006_pairwise_3B_ultrafeedback_noise0.2_seed11,pairwise,3B,Qwen/Qwen2.5-3B-Instruct,ultrafeedback,0.2,11,4000,800,256,400,1,16,0.0002,0.1,16,32,0.05,6,5,32,25,1,missing,,[]
7,007_pairwise_3B_ultrafeedback_noise0.2_seed29,pairwise,3B,Qwen/Qwen2.5-3B-Instruct,ultrafeedback,0.2,29,4000,800,256,400,1,16,0.0002,0.1,16,32,0.05,6,5,32,25,1,missing,,[]
8,008_pairwise_3B_ultrafeedback_noise0.2_seed47,pairwise,3B,Qwen/Qwen2.5-3B-Instruct,ultrafeedback,0.2,47,4000,800,256,400,1,16,0.0002,0.1,16,32,0.05,6,5,32,25,1,missing,,[]
9,009_pairwise_3B_ultrafeedback_noise0.3_seed11,pairwise,3B,Qwen/Qwen2.5-3B-Instruct,ultrafeedback,0.3,11,4000,800,256,400,1,16,0.0002,0.1,16,32,0.05,6,5,32,25,1,missing,,[]
10,010_pairwise_3B_ultrafeedback_noise0.3_seed29,pairwise,3B,Qwen/Qwen2.5-3B-Instruct,ultrafeedback,0.3,29,4000,800,256,400,1,16,0.0002,0.1,16,32,0.05,6,5,32,25,1,missing,,[]
11,011_pairwise_3B_ultrafeedback_noise0.3_seed47,pairwise,3B,Qwen/Qwen2.5-3B-Instruct,ultrafeedback,0.3,47,4000,800,256,400,1,16,0.0002,0.1,16,32,0.05,6,5,32,25,1,missing,,[]
12,012_pairwise_3B_reddit_tldr_noise0.0_seed11,pairwise,3B,Qwen/Qwen2.5-3B-Instruct,reddit_tldr,0.0,11,4000,800,256,400,1,16,0.0002,0.1,16,32,0.05,6,5,32,25,1,missing,,[]
13,013_pairwise_3B_reddit_tldr_noise0.0_seed29,pairwise,3B,Qwen/Qwen2.5-3B-Instruct,reddit_tldr,0.0,29,4000,800,256,400,1,16,0.0002,0.1,16,32,0.05,6,5,32,25,1,missing,,[]
14,014_pairwise_3B_reddit_tldr_noise0.0_seed47,pairwise,3B,Qwen/Qwen2.5-3B-Instruct,reddit_tldr,0.0,47,4000,800,256,400,1,16,0.0002,0.1,16,32,0.05,6,5,32,25,1,missing,,[]
15,015_pairwise_3B_reddit_tldr_noise0.1_seed11,pairwise,3B,Qwen/Qwen2.5-3B-Instruct,reddit_tldr,0.1,11,4000,800,256,400,1,16,0.0002,0.1,16,32,0.05,6,5,32,25,1,missing,,[]
16,016_pairwise_3B_reddit_tldr_noise0.1_seed29,pairwise,3B,Qwen/Qwen2.5-3B-Instruct,reddit_tldr,0.1,29,4000,800,256,400,1,16,0.0002,0.1,16,32,0.05,6,5,32,25,1,missing,,[]
17,017_pairwise_3B_reddit_tldr_noise0.1_seed47,pairwise,3B,Qwen/Qwen2.5-3B-Instruct,reddit_tldr,0.1,47,4000,800,256,400,1,16,0.0002,0.1,16,32,0.05,6,5,32,25,1,missing,,[]
18,018_pairwise_3B_reddit_tldr_noise0.2_seed11,pairwise,3B,Qwen/Qwen2.5-3B-Instruct,reddit_tldr,0.2,11,4000,800,256,400,1,16,0.0002,0.1,16,32,0.05,6,5,32,25,1,missing,,[]
19,019_pairwise_3B_reddit_tldr_noise0.2_seed29,pairwise,3B,Qwen/Qwen2.5-3B-Instruct,reddit_tldr,0.2,29,4000,800,256,400,1,16,0.0002,0.1,16,32,0.05,6,5,32,25,1,missing,,[]
20,020_pairwise_3B_reddit_tldr_noise0.2_seed47,pairwise,3B,Qwen/Qwen2.5-3B-Instruct,reddit_tldr,0.2,47,4000,800,256,400,1,16,0.0002,0.1,16,32,0.05,6,5,32,25,1,missing,,[]
21,021_pairwise_3B_reddit_tldr_noise0.3_seed11,pairwise,3B,Qwen/Qwen2.5-3B-Instruct,reddit_tldr,0.3,11,4000,800,256,400,1,16,0.0002,0.1,16,32,0.05,6,5,32,25,1,missing,,[]
22,022_pairwise_3B_reddit_tldr_noise0.3_seed29,pairwise,3B,Qwen/Qwen2.5-3B-Instruct,reddit_tldr,0.3,29,4000,800,256,400,1,16,0.0002,0.1,16,32,0.05,6,5,32,25,1,missing,,[]
23,023_pairwise_3B_reddit_tldr_noise0.3_seed47,pairwise,3B,Qwen/Qwen2.5-3B-Instruct,reddit_tldr,0.3,47,4000,800,256,400,1,16,0.0002,0.1,16,32,0.05,6,5,32,25,1,missing,,[]
24,024_pairwise_3B_helpsteer2_noise0.0_seed11,pairwise,3B,Qwen/Qwen2.5-3B-Instruct,helpsteer2,0.0,11,4000,800,256,400,1,16,0.0002,0.1,16,32,0.05,6,5,32,25,1,missing,,[]
25,025_pairwise_3B_helpsteer2_noise0.0_seed29,pairwise,3B,Qwen/Qwen2.5-3B-Instruct,helpsteer2,0.0,29,4000,800,256,400,1,16,0.0002,0.1,16,32,0.05,6,5,32,25,1,missing,,[]
26,026_pairwise_3B_helpsteer2_noise0.0_seed47,pairwise,3B,Qwen/Qwen2.5-3B-Instruct,helpsteer2,0.0,47,4000,800,256,400,1,16,0.0002,0.1,16,32,0.05,6,5,32,25,1,missing,,[]
27,027_pairwise_3B_helpsteer2_noise0.1_seed11,pairwise,3B,Qwen/Qwen2.5-3B-Instruct,helpsteer2,0.1,11,4000,800,256,400,1,16,0.0002,0.1,16,32,0.05,6,5,32,25,1,missing,,[]
28,028_pairwise_3B_helpsteer2_noise0.1_seed29,pairwise,3B,Qwen/Qwen2.5-3B-Instruct,helpsteer2,0.1,29,4000,800,256,400,1,16,0.0002,0.1,16,32,0.05,6,5,32,25,1,missing,,[]
29,029_pairwise_3B_helpsteer2_noise0.1_seed47,pairwise,3B,Qwen/Qwen2.5-3B-Instruct,helpsteer2,0.1,47,4000,800,256,400,1,16,0.0002,0.1,16,32,0.05,6,5,32,25,1,missing,,[]
30,030_pairwise_3B_helpsteer2_noise0.2_seed11,pairwise,3B,Qwen/Qwen2.5-3B-Instruct,helpsteer2,0.2,11,4000,800,256,400,1,16,0.0002,0.1,16,32,0.05,6,5,32,25,1,missing,,[]
31,031_pairwise_3B_helpsteer2_noise0.2_seed29,pairwise,3B,Qwen/Qwen2.5-3B-Instruct,helpsteer2,0.2,29,4000,800,256,400,1,16,0.0002,0.1,16,32,0.05,6,5,32,25,1,missing,,[]
32,032_pairwise_3B_helpsteer2_noise0.2_seed47,pairwise,3B,Qwen/Qwen2.5-3B-Instruct,helpsteer2,0.2,47,4000,800,256,400,1,16,0.0002,0.1,16,32,0.05,6,5,32,25,1,missing,,[]
33,033_pairwise_3B_helpsteer2_noise0.3_seed11,pairwise,3B,Qwen/Qwen2.5-3B-Instruct,helpsteer2,0.3,11,4000,800,256,400,1,16,0.0002,0.1,16,32,0.05,6,5,32,25,1,missing,,[]
34,034_pairwise_3B_helpsteer2_noise0.3_seed29,pairwise,3B,Qwen/Qwen2.5-3B-Instruct,helpsteer2,0.3,29,4000,800,256,400,1,16,0.0002,0.1,16,32,0.05,6,5,32,25,1,missing,,[]
35,035_pairwise_3B_helpsteer2_noise0.3_seed47,pairwise,3B,Qwen/Qwen2.5-3B-Instruct,helpsteer2,0.3,47,4000,800,256,400,1,16,0.0002,0.1,16,32,0.05,6,5,32,25,1,missing,,[]
36,036_pairwise_3B_hh_rlhf_noise0.0_seed11,pairwise,3B,Qwen/Qwen2.5-3B-Instruct,hh_rlhf,0.0,11,4000,800,256,400,1,16,0.0002,0.1,16,32,0.05,6,5,32,25,1,missing,,[]
37,037_pairwise_3B_hh_rlhf_noise0.0_seed29,pairwise,3B,Qwen/Qwen2.5-3B-Instruct,hh_rlhf,0.0,29,4000,800,256,400,1,16,0.0002,0.1,16,32,0.05,6,5,32,25,1,missing,,[]
38,038_pairwise_3B_hh_rlhf_noise0.0_seed47,pairwise,3B,Qwen/Qwen2.5-3B-Instruct,hh_rlhf,0.0,47,4000,800,256,400,1,16,0.0002,0.1,16,32,0.05,6,5,32,25,1,missing,,[]
39,039_pairwise_3B_hh_rlhf_noise0.1_seed11,pairwise,3B,Qwen/Qwen2.5-3B-Instruct,hh_rlhf,0.1,11,4000,800,256,400,1,16,0.0002,0.1,16,32,0.05,6,5,32,25,1,missing,,[]
40,040_pairwise_3B_hh_rlhf_noise0.1_seed29,pairwise,3B,Qwen/Qwen2.5-3B-Instruct,hh_rlhf,0.1,29,4000,800,256,400,1,16,0.0002,0.1,16,32,0.05,6,5,32,25,1,missing,,[]
41,041_pairwise_3B_hh_rlhf_noise0.1_seed47,pairwise,3B,Qwen/Qwen2.5-3B-Instruct,hh_rlhf,0.1,47,4000,800,256,400,1,16,0.0002,0.1,16,32,0.05,6,5,32,25,1,missing,,[]
42,042_pairwise_3B_hh_rlhf_noise0.2_seed11,pairwise,3B,Qwen/Qwen2.5-3B-Instruct,hh_rlhf,0.2,11,4000,800,256,400,1,16,0.0002,0.1,16,32,0.05,6,5,32,25,1,missing,,[]
43,043_pairwise_3B_hh_rlhf_noise0.2_seed29,pairwise,3B,Qwen/Qwen2.5-3B-Instruct,hh_rlhf,0.2,29,4000,800,256,400,1,16,0.0002,0.1,16,32,0.05,6,5,32,25,1,missing,,[]
44,044_pairwise_3B_hh_rlhf_noise0.2_seed47,pairwise,3B,Qwen/Qwen2.5-3B-Instruct,hh_rlhf,0.2,47,4000,800,256,400,1,16,0.0002,0.1,16,32,0.05,6,5,32,25,1,missing,,[]
45,045_pairwise_3B_hh_rlhf_noise0.3_seed11,pairwise,3B,Qwen/Qwen2.5-3B-Instruct,hh_rlhf,0.3,11,4000,800,256,400,1,16,0.0002,0.1,16,32,0.05,6,5,32,25,1,missing,,[]
46,046_pairwise_3B_hh_rlhf_noise0.3_seed29,pairwise,3B,Qwen/Qwen2.5-3B-Instruct,hh_rlhf,0.3,29,4000,800,256,400,1,16,0.0002,0.1,16,32,0.05,6,5,32,25,1,missing,,[]
47,047_pairwise_3B_hh_rlhf_noise0.3_seed47,pairwise,3B,Qwen/Qwen2.5-3B-Instruct,hh_rlhf,0.3,47,4000,800,256,400,1,16,0.0002,0.1,16,32,0.05,6,5,32,25,1,missing,,[]
48,048_pairwise_8B_ultrafeedback_noise0.0_seed11,pairwise,8B,Qwen/Qwen3-8B,ultrafeedback,0.0,11,4000,800,256,400,1,16,0.0002,0.1,16,32,0.05,6,5,32,25,1,missing,,[]
49,049_pairwise_8B_ultrafeedback_noise0.0_seed29,pairwise,8B,Qwen/Qwen3-8B,ultrafeedback,0.0,29,4000,800,256,400,1,16,0.0002,0.1,16,32,0.05,6,5,32,25,1,missing,,[]
50,050_pairwise_8B_ultrafeedback_noise0.0_seed47,pairwise,8B,Qwen/Qwen3-8B,ultrafeedback,0.0,47,4000,800,256,400,1,16,0.0002,0.1,16,32,0.05,6,5,32,25,1,missing,,[]
51,051_pairwise_8B_ultrafeedback_noise0.1_seed11,pairwise,8B,Qwen/Qwen3-8B,ultrafeedback,0.1,11,4000,800,256,400,1,16,0.0002,0.1,16,32,0.05,6,5,32,25,1,missing,,[]
52,052_pairwise_8B_ultrafeedback_noise0.1_seed29,pairwise,8B,Qwen/Qwen3-8B,ultrafeedback,0.1,29,4000,800,256,400,1,16,0.0002,0.1,16,32,0.05,6,5,32,25,1,missing,,[]
53,053_pairwise_8B_ultrafeedback_noise0.1_seed47,pairwise,8B,Qwen/Qwen3-8B,ultrafeedback,0.1,47,4000,800,256,400,1,16,0.0002,0.1,16,32,0.05,6,5,32,25,1,missing,,[]
54,054_pairwise_8B_ultrafeedback_noise0.2_seed11,pairwise,8B,Qwen/Qwen3-8B,ultrafeedback,0.2,11,4000,800,256,400,1,16,0.0002,0.1,16,32,0.05,6,5,32,25,1,missing,,[]
55,055_pairwise_8B_ultrafeedback_noise0.2_seed29,pairwise,8B,Qwen/Qwen3-8B,ultrafeedback,0.2,29,4000,800,256,400,1,16,0.0002,0.1,16,32,0.05,6,5,32,25,1,missing,,[]
56,056_pairwise_8B_ultrafeedback_noise0.2_seed47,pairwise,8B,Qwen/Qwen3-8B,ultrafeedback,0.2,47,4000,800,256,400,1,16,0.0002,0.1,16,32,0.05,6,5,32,25,1,missing,,[]
57,057_pairwise_8B_ultrafeedback_noise0.3_seed11,pairwise,8B,Qwen/Qwen3-8B,ultrafeedback,0.3,11,4000,800,256,400,1,16,0.0002,0.1,16,32,0.05,6,5,32,25,1,missing,,[]
58,058_pairwise_8B_ultrafeedback_noise0.3_seed29,pairwise,8B,Qwen/Qwen3-8B,ultrafeedback,0.3,29,4000,800,256,400,1,16,0.0002,0.1,16,32,0.05,6,5,32,25,1,missing,,[]
59,059_pairwise_8B_ultrafeedback_noise0.3_seed47,pairwise,8B,Qwen/Qwen3-8B,ultrafeedback,0.3,47,4000,800,256,400,1,16,0.0002,0.1,16,32,0.05,6,5,32,25,1,missing,,[]
60,060_pairwise_8B_reddit_tldr_noise0.0_seed11,pairwise,8B,Qwen/Qwen3-8B,reddit_tldr,0.0,11,4000,800,256,400,1,16,0.0002,0.1,16,32,0.05,6,5,32,25,1,missing,,[]
61,061_pairwise_8B_reddit_tldr_noise0.0_seed29,pairwise,8B,Qwen/Qwen3-8B,reddit_tldr,0.0,29,4000,800,256,400,1,16,0.0002,0.1,16,32,0.05,6,5,32,25,1,missing,,[]
62,062_pairwise_8B_reddit_tldr_noise0.0_seed47,pairwise,8B,Qwen/Qwen3-8B,reddit_tldr,0.0,47,4000,800,256,400,1,16,0.0002,0.1,16,32,0.05,6,5,32,25,1,missing,,[]
63,063_pairwise_8B_reddit_tldr_noise0.1_seed11,pairwise,8B,Qwen/Qwen3-8B,reddit_tldr,0.1,11,4000,800,256,400,1,16,0.0002,0.1,16,32,0.05,6,5,32,25,1,missing,,[]
64,064_pairwise_8B_reddit_tldr_noise0.1_seed29,pairwise,8B,Qwen/Qwen3-8B,reddit_tldr,0.1,29,4000,800,256,400,1,16,0.0002,0.1,16,32,0.05,6,5,32,25,1,missing,,[]
65,065_pairwise_8B_reddit_tldr_noise0.1_seed47,pairwise,8B,Qwen/Qwen3-8B,reddit_tldr,0.1,47,4000,800,256,400,1,16,0.0002,0.1,16,32,0.05,6,5,32,25,1,missing,,[]
66,066_pairwise_8B_reddit_tldr_noise0.2_seed11,pairwise,8B,Qwen/Qwen3-8B,reddit_tldr,0.2,11,4000,800,256,400,1,16,0.0002,0.1,16,32,0.05,6,5,32,25,1,missing,,[]
67,067_pairwise_8B_reddit_tldr_noise0.2_seed29,pairwise,8B,Qwen/Qwen3-8B,reddit_tldr,0.2,29,4000,800,256,400,1,16,0.0002,0.1,16,32,0.05,6,5,32,25,1,missing,,[]
68,068_pairwise_8B_reddit_tldr_noise0.2_seed47,pairwise,8B,Qwen/Qwen3-8B,reddit_tldr,0.2,47,4000,800,256,400,1,16,0.0002,0.1,16,32,0.05,6,5,32,25,1,missing,,[]
69,069_pairwise_8B_reddit_tldr_noise0.3_seed11,pairwise,8B,Qwen/Qwen3-8B,reddit_tldr,0.3,11,4000,800,256,400,1,16,0.0002,0.1,16,32,0.05,6,5,32,25,1,missing,,[]
70,070_pairwise_8B_reddit_tldr_noise0.3_seed29,pairwise,8B,Qwen/Qwen3-8B,reddit_tldr,0.3,29,4000,800,256,400,1,16,0.0002,0.1,16,32,0.05,6,5,32,25,1,missing,,[]
71,071_pairwise_8B_reddit_tldr_noise0.3_seed47,pairwise,8B,Qwen/Qwen3-8B,reddit_tldr,0.3,47,4000,800,256,400,1,16,0.0002,0.1,16,32,0.05,6,5,32,25,1,missing,,[]
72,072_pairwise_8B_helpsteer2_noise0.0_seed11,pairwise,8B,Qwen/Qwen3-8B,helpsteer2,0.0,11,4000,800,256,400,1,16,0.0002,0.1,16,32,0.05,6,5,32,25,1,missing,,[]
73,073_pairwise_8B_helpsteer2_noise0.0_seed29,pairwise,8B,Qwen/Qwen3-8B,helpsteer2,0.0,29,4000,800,256,400,1,16,0.0002,0.1,16,32,0.05,6,5,32,25,1,missing,,[]
74,074_pairwise_8B_helpsteer2_noise0.0_seed47,pairwise,8B,Qwen/Qwen3-8B,helpsteer2,0.0,47,4000,800,256,400,1,16,0.0002,0.1,16,32,0.05,6,5,32,25,1,missing,,[]
75,075_pairwise_8B_helpsteer2_noise0.1_seed11,pairwise,8B,Qwen/Qwen3-8B,helpsteer2,0.1,11,4000,800,256,400,1,16,0.0002,0.1,16,32,0.05,6,5,32,25,1,missing,,[]
76,076_pairwise_8B_helpsteer2_noise0.1_seed29,pairwise,8B,Qwen/Qwen3-8B,helpsteer2,0.1,29,4000,800,256,400,1,16,0.0002,0.1,16,32,0.05,6,5,32,25,1,missing,,[]
77,077_pairwise_8B_helpsteer2_noise0.1_seed47,pairwise,8B,Qwen/Qwen3-8B,helpsteer2,0.1,47,4000,800,256,400,1,16,0.0002,0.1,16,32,0.05,6,5,32,25,1,missing,,[]
78,078_pairwise_8B_helpsteer2_noise0.2_seed11,pairwise,8B,Qwen/Qwen3-8B,helpsteer2,0.2,11,4000,800,256,400,1,16,0.0002,0.1,16,32,0.05,6,5,32,25,1,missing,,[]
79,079_pairwise_8B_helpsteer2_noise0.2_seed29,pairwise,8B,Qwen/Qwen3-8B,helpsteer2,0.2,29,4000,800,256,400,1,16,0.0002,0.1,16,32,0.05,6,5,32,25,1,missing,,[]
80,080_pairwise_8B_helpsteer2_noise0.2_seed47,pairwise,8B,Qwen/Qwen3-8B,helpsteer2,0.2,47,4000,800,256,400,1,16,0.0002,0.1,16,32,0.05,6,5,32,25,1,missing,,[]
81,081_pairwise_8B_helpsteer2_noise0.3_seed11,pairwise,8B,Qwen/Qwen3-8B,helpsteer2,0.3,11,4000,800,256,400,1,16,0.0002,0.1,16,32,0.05,6,5,32,25,1,missing,,[]
82,082_pairwise_8B_helpsteer2_noise0.3_seed29,pairwise,8B,Qwen/Qwen3-8B,helpsteer2,0.3,29,4000,800,256,400,1,16,0.0002,0.1,16,32,0.05,6,5,32,25,1,missing,,[]
83,083_pairwise_8B_helpsteer2_noise0.3_seed47,pairwise,8B,Qwen/Qwen3-8B,helpsteer2,0.3,47,4000,800,256,400,1,16,0.0002,0.1,16,32,0.05,6,5,32,25,1,missing,,[]
84,084_pairwise_8B_hh_rlhf_noise0.0_seed11,pairwise,8B,Qwen/Qwen3-8B,hh_rlhf,0.0,11,4000,800,256,400,1,16,0.0002,0.1,16,32,0.05,6,5,32,25,1,missing,,[]
85,085_pairwise_8B_hh_rlhf_noise0.0_seed29,pairwise,8B,Qwen/Qwen3-8B,hh_rlhf,0.0,29,4000,800,256,400,1,16,0.0002,0.1,16,32,0.05,6,5,32,25,1,missing,,[]
86,086_pairwise_8B_hh_rlhf_noise0.0_seed47,pairwise,8B,Qwen/Qwen3-8B,hh_rlhf,0.0,47,4000,800,256,400,1,16,0.0002,0.1,16,32,0.05,6,5,32,25,1,missing,,[]
87,087_pairwise_8B_hh_rlhf_noise0.1_seed11,pairwise,8B,Qwen/Qwen3-8B,hh_rlhf,0.1,11,4000,800,256,400,1,16,0.0002,0.1,16,32,0.05,6,5,32,25,1,missing,,[]
88,088_pairwise_8B_hh_rlhf_noise0.1_seed29,pairwise,8B,Qwen/Qwen3-8B,hh_rlhf,0.1,29,4000,800,256,400,1,16,0.0002,0.1,16,32,0.05,6,5,32,25,1,missing,,[]
89,089_pairwise_8B_hh_rlhf_noise0.1_seed47,pairwise,8B,Qwen/Qwen3-8B,hh_rlhf,0.1,47,4000,800,256,400,1,16,0.0002,0.1,16,32,0.05,6,5,32,25,1,missing,,[]
90,090_pairwise_8B_hh_rlhf_noise0.2_seed11,pairwise,8B,Qwen/Qwen3-8B,hh_rlhf,0.2,11,4000,800,256,400,1,16,0.0002,0.1,16,32,0.05,6,5,32,25,1,missing,,[]
91,091_pairwise_8B_hh_rlhf_noise0.2_seed29,pairwise,8B,Qwen/Qwen3-8B,hh_rlhf,0.2,29,4000,800,256,400,1,16,0.0002,0.1,16,32,0.05,6,5,32,25,1,missing,,[]
92,092_pairwise_8B_hh_rlhf_noise0.2_seed47,pairwise,8B,Qwen/Qwen3-8B,hh_rlhf,0.2,47,4000,800,256,400,1,16,0.0002,0.1,16,32,0.05,6,5,32,25,1,missing,,[]
93,093_pairwise_8B_hh_rlhf_noise0.3_seed11,pairwise,8B,Qwen/Qwen3-8B,hh_rlhf,0.3,11,4000,800,256,400,1,16,0.0002,0.1,16,32,0.05,6,5,32,25,1,missing,,[]
94,094_pairwise_8B_hh_rlhf_noise0.3_seed29,pairwise,8B,Qwen/Qwen3-8B,hh_rlhf,0.3,29,4000,800,256,400,1,16,0.0002,0.1,16,32,0.05,6,5,32,25,1,missing,,[]
95,095_pairwise_8B_hh_rlhf_noise0.3_seed47,pairwise,8B,Qwen/Qwen3-8B,hh_rlhf,0.3,47,4000,800,256,400,1,16,0.0002,0.1,16,32,0.05,6,5,32,25,1,missing,,[]
96,096_pairwise_14B_ultrafeedback_noise0.0_seed11,pairwise,14B,Qwen/Qwen2.5-14B-Instruct,ultrafeedback,0.0,11,4000,800,256,400,1,16,0.0002,0.1,16,32,0.05,6,5,32,25,1,missing,,[]
97,097_pairwise_14B_ultrafeedback_noise0.0_seed29,pairwise,14B,Qwen/Qwen2.5-14B-Instruct,ultrafeedback,0.0,29,4000,800,256,400,1,16,0.0002,0.1,16,32,0.05,6,5,32,25,1,missing,,[]
98,098_pairwise_14B_ultrafeedback_noise0.0_seed47,pairwise,14B,Qwen/Qwen2.5-14B-Instruct,ultrafeedback,0.0,47,4000,800,256,400,1,16,0.0002,0.1,16,32,0.05,6,5,32,25,1,missing,,[]
99,099_pairwise_14B_ultrafeedback_noise0.1_seed11,pairwise,14B,Qwen/Qwen2.5-14B-Instruct,ultrafeedback,0.1,11,4000,800,256,400,1,16,0.0002,0.1,16,32,0.05,6,5,32,25,1,missing,,[]
100,100_pairwise_14B_ultrafeedback_noise0.1_seed29,pairwise,14B,Qwen/Qwen2.5-14B-Instruct,ultrafeedback,0.1,29,4000,800,256,400,1,16,0.0002,0.1,16,32,0.05,6,5,32,25,1,missing,,[]
101,101_pairwise_14B_ultrafeedback_noise0.1_seed47,pairwise,14B,Qwen/Qwen2.5-14B-Instruct,ultrafeedback,0.1,47,4000,800,256,400,1,16,0.0002,0.1,16,32,0.05,6,5,32,25,1,missing,,[]
102,102_pairwise_14B_ultrafeedback_noise0.2_seed11,pairwise,14B,Qwen/Qwen2.5-14B-Instruct,ultrafeedback,0.2,11,4000,800,256,400,1,16,0.0002,0.1,16,32,0.05,6,5,32,25,1,missing,,[]
103,103_pairwise_14B_ultrafeedback_noise0.2_seed29,pairwise,14B,Qwen/Qwen2.5-14B-Instruct,ultrafeedback,0.2,29,4000,800,256,400,1,16,0.0002,0.1,16,32,0.05,6,5,32,25,1,missing,,[]
104,104_pairwise_14B_ultrafeedback_noise0.2_seed47,pairwise,14B,Qwen/Qwen2.5-14B-Instruct,ultrafeedback,0.2,47,4000,800,256,400,1,16,0.0002,0.1,16,32,0.05,6,5,32,25,1,missing,,[]
105,105_pairwise_14B_ultrafeedback_noise0.3_seed11,pairwise,14B,Qwen/Qwen2.5-14B-Instruct,ultrafeedback,0.3,11,4000,800,256,400,1,16,0.0002,0.1,16,32,0.05,6,5,32,25,1,missing,,[]
106,106_pairwise_14B_ultrafeedback_noise0.3_seed29,pairwise,14B,Qwen/Qwen2.5-14B-Instruct,ultrafeedback,0.3,29,4000,800,256,400,1,16,0.0002,0.1,16,32,0.05,6,5,32,25,1,missing,,[]
107,107_pairwise_14B_ultrafeedback_noise0.3_seed47,pairwise,14B,Qwen/Qwen2.5-14B-Instruct,ultrafeedback,0.3,47,4000,800,256,400,1,16,0.0002,0.1,16,32,0.05,6,5,32,25,1,missing,,[]
108,108_pairwise_14B_reddit_tldr_noise0.0_seed11,pairwise,14B,Qwen/Qwen2.5-14B-Instruct,reddit_tldr,0.0,11,4000,800,256,400,1,16,0.0002,0.1,16,32,0.05,6,5,32,25,1,missing,,[]
109,109_pairwise_14B_reddit_tldr_noise0.0_seed29,pairwise,14B,Qwen/Qwen2.5-14B-Instruct,reddit_tldr,0.0,29,4000,800,256,400,1,16,0.0002,0.1,16,32,0.05,6,5,32,25,1,missing,,[]
110,110_pairwise_14B_reddit_tldr_noise0.0_seed47,pairwise,14B,Qwen/Qwen2.5-14B-Instruct,reddit_tldr,0.0,47,4000,800,256,400,1,16,0.0002,0.1,16,32,0.05,6,5,32,25,1,missing,,[]
111,111_pairwise_14B_reddit_tldr_noise0.1_seed11,pairwise,14B,Qwen/Qwen2.5-14B-Instruct,reddit_tldr,0.1,11,4000,800,256,400,1,16,0.0002,0.1,16,32,0.05,6,5,32,25,1,missing,,[]
112,112_pairwise_14B_reddit_tldr_noise0.1_seed29,pairwise,14B,Qwen/Qwen2.5-14B-Instruct,reddit_tldr,0.1,29,4000,800,256,400,1,16,0.0002,0.1,16,32,0.05,6,5,32,25,1,missing,,[]
113,113_pairwise_14B_reddit_tldr_noise0.1_seed47,pairwise,14B,Qwen/Qwen2.5-14B-Instruct,reddit_tldr,0.1,47,4000,800,256,400,1,16,0.0002,0.1,16,32,0.05,6,5,32,25,1,missing,,[]
114,114_pairwise_14B_reddit_tldr_noise0.2_seed11,pairwise,14B,Qwen/Qwen2.5-14B-Instruct,reddit_tldr,0.2,11,4000,800,256,400,1,16,0.0002,0.1,16,32,0.05,6,5,32,25,1,missing,,[]
115,115_pairwise_14B_reddit_tldr_noise0.2_seed29,pairwise,14B,Qwen/Qwen2.5-14B-Instruct,reddit_tldr,0.2,29,4000,800,256,400,1,16,0.0002,0.1,16,32,0.05,6,5,32,25,1,missing,,[]
116,116_pairwise_14B_reddit_tldr_noise0.2_seed47,pairwise,14B,Qwen/Qwen2.5-14B-Instruct,reddit_tldr,0.2,47,4000,800,256,400,1,16,0.0002,0.1,16,32,0.05,6,5,32,25,1,missing,,[]
117,117_pairwise_14B_reddit_tldr_noise0.3_seed11,pairwise,14B,Qwen/Qwen2.5-14B-Instruct,reddit_tldr,0.3,11,4000,800,256,400,1,16,0.0002,0.1,16,32,0.05,6,5,32,25,1,missing,,[]
118,118_pairwise_14B_reddit_tldr_noise0.3_seed29,pairwise,14B,Qwen/Qwen2.5-14B-Instruct,reddit_tldr,0.3,29,4000,800,256,400,1,16,0.0002,0.1,16,32,0.05,6,5,32,25,1,missing,,[]
119,119_pairwise_14B_reddit_tldr_noise0.3_seed47,pairwise,14B,Qwen/Qwen2.5-14B-Instruct,reddit_tldr,0.3,47,4000,800,256,400,1,16,0.0002,0.1,16,32,0.05,6,5,32,25,1,missing,,[]
120,120_pairwise_14B_helpsteer2_noise0.0_seed11,pairwise,14B,Qwen/Qwen2.5-14B-Instruct,helpsteer2,0.0,11,4000,800,256,400,1,16,0.0002,0.1,16,32,0.05,6,5,32,25,1,missing,,[]
121,121_pairwise_14B_helpsteer2_noise0.0_seed29,pairwise,14B,Qwen/Qwen2.5-14B-Instruct,helpsteer2,0.0,29,4000,800,256,400,1,16,0.0002,0.1,16,32,0.05,6,5,32,25,1,missing,,[]
122,122_pairwise_14B_helpsteer2_noise0.0_seed47,pairwise,14B,Qwen/Qwen2.5-14B-Instruct,helpsteer2,0.0,47,4000,800,256,400,1,16,0.0002,0.1,16,32,0.05,6,5,32,25,1,missing,,[]
123,123_pairwise_14B_helpsteer2_noise0.1_seed11,pairwise,14B,Qwen/Qwen2.5-14B-Instruct,helpsteer2,0.1,11,4000,800,256,400,1,16,0.0002,0.1,16,32,0.05,6,5,32,25,1,missing,,[]
124,124_pairwise_14B_helpsteer2_noise0.1_seed29,pairwise,14B,Qwen/Qwen2.5-14B-Instruct,helpsteer2,0.1,29,4000,800,256,400,1,16,0.0002,0.1,16,32,0.05,6,5,32,25,1,missing,,[]
125,125_pairwise_14B_helpsteer2_noise0.1_seed47,pairwise,14B,Qwen/Qwen2.5-14B-Instruct,helpsteer2,0.1,47,4000,800,256,400,1,16,0.0002,0.1,16,32,0.05,6,5,32,25,1,missing,,[]
126,126_pairwise_14B_helpsteer2_noise0.2_seed11,pairwise,14B,Qwen/Qwen2.5-14B-Instruct,helpsteer2,0.2,11,4000,800,256,400,1,16,0.0002,0.1,16,32,0.05,6,5,32,25,1,missing,,[]
127,127_pairwise_14B_helpsteer2_noise0.2_seed29,pairwise,14B,Qwen/Qwen2.5-14B-Instruct,helpsteer2,0.2,29,4000,800,256,400,1,16,0.0002,0.1,16,32,0.05,6,5,32,25,1,missing,,[]
128,128_pairwise_14B_helpsteer2_noise0.2_seed47,pairwise,14B,Qwen/Qwen2.5-14B-Instruct,helpsteer2,0.2,47,4000,800,256,400,1,16,0.0002,0.1,16,32,0.05,6,5,32,25,1,missing,,[]
129,129_pairwise_14B_helpsteer2_noise0.3_seed11,pairwise,14B,Qwen/Qwen2.5-14B-Instruct,helpsteer2,0.3,11,4000,800,256,400,1,16,0.0002,0.1,16,32,0.05,6,5,32,25,1,missing,,[]
130,130_pairwise_14B_helpsteer2_noise0.3_seed29,pairwise,14B,Qwen/Qwen2.5-14B-Instruct,helpsteer2,0.3,29,4000,800,256,400,1,16,0.0002,0.1,16,32,0.05,6,5,32,25,1,missing,,[]
131,131_pairwise_14B_helpsteer2_noise0.3_seed47,pairwise,14B,Qwen/Qwen2.5-14B-Instruct,helpsteer2,0.3,47,4000,800,256,400,1,16,0.0002,0.1,16,32,0.05,6,5,32,25,1,missing,,[]
132,132_pairwise_14B_hh_rlhf_noise0.0_seed11,pairwise,14B,Qwen/Qwen2.5-14B-Instruct,hh_rlhf,0.0,11,4000,800,256,400,1,16,0.0002,0.1,16,32,0.05,6,5,32,25,1,missing,,[]
133,133_pairwise_14B_hh_rlhf_noise0.0_seed29,pairwise,14B,Qwen/Qwen2.5-14B-Instruct,hh_rlhf,0.0,29,4000,800,256,400,1,16,0.0002,0.1,16,32,0.05,6,5,32,25,1,missing,,[]
134,134_pairwise_14B_hh_rlhf_noise0.0_seed47,pairwise,14B,Qwen/Qwen2.5-14B-Instruct,hh_rlhf,0.0,47,4000,800,256,400,1,16,0.0002,0.1,16,32,0.05,6,5,32,25,1,missing,,[]
135,135_pairwise_14B_hh_rlhf_noise0.1_seed11,pairwise,14B,Qwen/Qwen2.5-14B-Instruct,hh_rlhf,0.1,11,4000,800,256,400,1,16,0.0002,0.1,16,32,0.05,6,5,32,25,1,missing,,[]
136,136_pairwise_14B_hh_rlhf_noise0.1_seed29,pairwise,14B,Qwen/Qwen2.5-14B-Instruct,hh_rlhf,0.1,29,4000,800,256,400,1,16,0.0002,0.1,16,32,0.05,6,5,32,25,1,missing,,[]
137,137_pairwise_14B_hh_rlhf_noise0.1_seed47,pairwise,14B,Qwen/Qwen2.5-14B-Instruct,hh_rlhf,0.1,47,4000,800,256,400,1,16,0.0002,0.1,16,32,0.05,6,5,32,25,1,missing,,[]
138,138_pairwise_14B_hh_rlhf_noise0.2_seed11,pairwise,14B,Qwen/Qwen2.5-14B-Instruct,hh_rlhf,0.2,11,4000,800,256,400,1,16,0.0002,0.1,16,32,0.05,6,5,32,25,1,missing,,[]
139,139_pairwise_14B_hh_rlhf_noise0.2_seed29,pairwise,14B,Qwen/Qwen2.5-14B-Instruct,hh_rlhf,0.2,29,4000,800,256,400,1,16,0.0002,0.1,16,32,0.05,6,5,32,25,1,missing,,[]
140,140_pairwise_14B_hh_rlhf_noise0.2_seed47,pairwise,14B,Qwen/Qwen2.5-14B-Instruct,hh_rlhf,0.2,47,4000,800,256,400,1,16,0.0002,0.1,16,32,0.05,6,5,32,25,1,missing,,[]
141,141_pairwise_14B_hh_rlhf_noise0.3_seed11,pairwise,14B,Qwen/Qwen2.5-14B-Instruct,hh_rlhf,0.3,11,4000,800,256,400,1,16,0.0002,0.1,16,32,0.05,6,5,32,25,1,missing,,[]
142,142_pairwise_14B_hh_rlhf_noise0.3_seed29,pairwise,14B,Qwen/Qwen2.5-14B-Instruct,hh_rlhf,0.3,29,4000,800,256,400,1,16,0.0002,0.1,16,32,0.05,6,5,32,25,1,missing,,[]
143,143_pairwise_14B_hh_rlhf_noise0.3_seed47,pairwise,14B,Qwen/Qwen2.5-14B-Instruct,hh_rlhf,0.3,47,4000,800,256,400,1,16,0.0002,0.1,16,32,0.05,6,5,32,25,1,missing,,[]
144,144_pointwise_3B_ultrafeedback_noise0.0_seed11,pointwise,3B,Qwen/Qwen2.5-3B-Instruct,ultrafeedback,0.0,11,4000,800,256,400,1,16,0.0002,0.1,16,32,0.05,6,5,32,25,1,missing,,[]
145,145_pointwise_3B_ultrafeedback_noise0.0_seed29,pointwise,3B,Qwen/Qwen2.5-3B-Instruct,ultrafeedback,0.0,29,4000,800,256,400,1,16,0.0002,0.1,16,32,0.05,6,5,32,25,1,missing,,[]
146,146_pointwise_3B_ultrafeedback_noise0.0_seed47,pointwise,3B,Qwen/Qwen2.5-3B-Instruct,ultrafeedback,0.0,47,4000,800,256,400,1,16,0.0002,0.1,16,32,0.05,6,5,32,25,1,missing,,[]
147,147_pointwise_3B_ultrafeedback_noise0.1_seed11,pointwise,3B,Qwen/Qwen2.5-3B-Instruct,ultrafeedback,0.1,11,4000,800,256,400,1,16,0.0002,0.1,16,32,0.05,6,5,32,25,1,missing,,[]
148,148_pointwise_3B_ultrafeedback_noise0.1_seed29,pointwise,3B,Qwen/Qwen2.5-3B-Instruct,ultrafeedback,0.1,29,4000,800,256,400,1,16,0.0002,0.1,16,32,0.05,6,5,32,25,1,missing,,[]
149,149_pointwise_3B_ultrafeedback_noise0.1_seed47,pointwise,3B,Qwen/Qwen2.5-3B-Instruct,ultrafeedback,0.1,47,4000,800,256,400,1,16,0.0002,0.1,16,32,0.05,6,5,32,25,1,missing,,[]
150,150_pointwise_3B_ultrafeedback_noise0.2_seed11,pointwise,3B,Qwen/Qwen2.5-3B-Instruct,ultrafeedback,0.2,11,4000,800,256,400,1,16,0.0002,0.1,16,32,0.05,6,5,32,25,1,missing,,[]
151,151_pointwise_3B_ultrafeedback_noise0.2_seed29,pointwise,3B,Qwen/Qwen2.5-3B-Instruct,ultrafeedback,0.2,29,4000,800,256,400,1,16,0.0002,0.1,16,32,0.05,6,5,32,25,1,missing,,[]
152,152_pointwise_3B_ultrafeedback_noise0.2_seed47,pointwise,3B,Qwen/Qwen2.5-3B-Instruct,ultrafeedback,0.2,47,4000,800,256,400,1,16,0.0002,0.1,16,32,0.05,6,5,32,25,1,missing,,[]
153,153_pointwise_3B_ultrafeedback_noise0.3_seed11,pointwise,3B,Qwen/Qwen2.5-3B-Instruct,ultrafeedback,0.3,11,4000,800,256,400,1,16,0.0002,0.1,16,32,0.05,6,5,32,25,1,missing,,[]
154,154_pointwise_3B_ultrafeedback_noise0.3_seed29,pointwise,3B,Qwen/Qwen2.5-3B-Instruct,ultrafeedback,0.3,29,4000,800,256,400,1,16,0.0002,0.1,16,32,0.05,6,5,32,25,1,missing,,[]
155,155_pointwise_3B_ultrafeedback_noise0.3_seed47,pointwise,3B,Qwen/Qwen2.5-3B-Instruct,ultrafeedback,0.3,47,4000,800,256,400,1,16,0.0002,0.1,16,32,0.05,6,5,32,25,1,missing,,[]
156,156_pointwise_3B_reddit_tldr_noise0.0_seed11,pointwise,3B,Qwen/Qwen2.5-3B-Instruct,reddit_tldr,0.0,11,4000,800,256,400,1,16,0.0002,0.1,16,32,0.05,6,5,32,25,1,missing,,[]
157,157_pointwise_3B_reddit_tldr_noise0.0_seed29,pointwise,3B,Qwen/Qwen2.5-3B-Instruct,reddit_tldr,0.0,29,4000,800,256,400,1,16,0.0002,0.1,16,32,0.05,6,5,32,25,1,missing,,[]
158,158_pointwise_3B_reddit_tldr_noise0.0_seed47,pointwise,3B,Qwen/Qwen2.5-3B-Instruct,reddit_tldr,0.0,47,4000,800,256,400,1,16,0.0002,0.1,16,32,0.05,6,5,32,25,1,missing,,[]
159,159_pointwise_3B_reddit_tldr_noise0.1_seed11,pointwise,3B,Qwen/Qwen2.5-3B-Instruct,reddit_tldr,0.1,11,4000,800,256,400,1,16,0.0002,0.1,16,32,0.05,6,5,32,25,1,missing,,[]
160,160_pointwise_3B_reddit_tldr_noise0.1_seed29,pointwise,3B,Qwen/Qwen2.5-3B-Instruct,reddit_tldr,0.1,29,4000,800,256,400,1,16,0.0002,0.1,16,32,0.05,6,5,32,25,1,missing,,[]
161,161_pointwise_3B_reddit_tldr_noise0.1_seed47,pointwise,3B,Qwen/Qwen2.5-3B-Instruct,reddit_tldr,0.1,47,4000,800,256,400,1,16,0.0002,0.1,16,32,0.05,6,5,32,25,1,missing,,[]
162,162_pointwise_3B_reddit_tldr_noise0.2_seed11,pointwise,3B,Qwen/Qwen2.5-3B-Instruct,reddit_tldr,0.2,11,4000,800,256,400,1,16,0.0002,0.1,16,32,0.05,6,5,32,25,1,missing,,[]
163,163_pointwise_3B_reddit_tldr_noise0.2_seed29,pointwise,3B,Qwen/Qwen2.5-3B-Instruct,reddit_tldr,0.2,29,4000,800,256,400,1,16,0.0002,0.1,16,32,0.05,6,5,32,25,1,missing,,[]
164,164_pointwise_3B_reddit_tldr_noise0.2_seed47,pointwise,3B,Qwen/Qwen2.5-3B-Instruct,reddit_tldr,0.2,47,4000,800,256,400,1,16,0.0002,0.1,16,32,0.05,6,5,32,25,1,missing,,[]
165,165_pointwise_3B_reddit_tldr_noise0.3_seed11,pointwise,3B,Qwen/Qwen2.5-3B-Instruct,reddit_tldr,0.3,11,4000,800,256,400,1,16,0.0002,0.1,16,32,0.05,6,5,32,25,1,missing,,[]
166,166_pointwise_3B_reddit_tldr_noise0.3_seed29,pointwise,3B,Qwen/Qwen2.5-3B-Instruct,reddit_tldr,0.3,29,4000,800,256,400,1,16,0.0002,0.1,16,32,0.05,6,5,32,25,1,missing,,[]
167,167_pointwise_3B_reddit_tldr_noise0.3_seed47,pointwise,3B,Qwen/Qwen2.5-3B-Instruct,reddit_tldr,0.3,47,4000,800,256,400,1,16,0.0002,0.1,16,32,0.05,6,5,32,25,1,missing,,[]
168,168_pointwise_3B_helpsteer2_noise0.0_seed11,pointwise,3B,Qwen/Qwen2.5-3B-Instruct,helpsteer2,0.0,11,4000,800,256,400,1,16,0.0002,0.1,16,32,0.05,6,5,32,25,1,missing,,[]
169,169_pointwise_3B_helpsteer2_noise0.0_seed29,pointwise,3B,Qwen/Qwen2.5-3B-Instruct,helpsteer2,0.0,29,4000,800,256,400,1,16,0.0002,0.1,16,32,0.05,6,5,32,25,1,missing,,[]
170,170_pointwise_3B_helpsteer2_noise0.0_seed47,pointwise,3B,Qwen/Qwen2.5-3B-Instruct,helpsteer2,0.0,47,4000,800,256,400,1,16,0.0002,0.1,16,32,0.05,6,5,32,25,1,missing,,[]
171,171_pointwise_3B_helpsteer2_noise0.1_seed11,pointwise,3B,Qwen/Qwen2.5-3B-Instruct,helpsteer2,0.1,11,4000,800,256,400,1,16,0.0002,0.1,16,32,0.05,6,5,32,25,1,missing,,[]
172,172_pointwise_3B_helpsteer2_noise0.1_seed29,pointwise,3B,Qwen/Qwen2.5-3B-Instruct,helpsteer2,0.1,29,4000,800,256,400,1,16,0.0002,0.1,16,32,0.05,6,5,32,25,1,missing,,[]
173,173_pointwise_3B_helpsteer2_noise0.1_seed47,pointwise,3B,Qwen/Qwen2.5-3B-Instruct,helpsteer2,0.1,47,4000,800,256,400,1,16,0.0002,0.1,16,32,0.05,6,5,32,25,1,missing,,[]
174,174_pointwise_3B_helpsteer2_noise0.2_seed11,pointwise,3B,Qwen/Qwen2.5-3B-Instruct,helpsteer2,0.2,11,4000,800,256,400,1,16,0.0002,0.1,16,32,0.05,6,5,32,25,1,missing,,[]
175,175_pointwise_3B_helpsteer2_noise0.2_seed29,pointwise,3B,Qwen/Qwen2.5-3B-Instruct,helpsteer2,0.2,29,4000,800,256,400,1,16,0.0002,0.1,16,32,0.05,6,5,32,25,1,missing,,[]
176,176_pointwise_3B_helpsteer2_noise0.2_seed47,pointwise,3B,Qwen/Qwen2.5-3B-Instruct,helpsteer2,0.2,47,4000,800,256,400,1,16,0.0002,0.1,16,32,0.05,6,5,32,25,1,missing,,[]
177,177_pointwise_3B_helpsteer2_noise0.3_seed11,pointwise,3B,Qwen/Qwen2.5-3B-Instruct,helpsteer2,0.3,11,4000,800,256,400,1,16,0.0002,0.1,16,32,0.05,6,5,32,25,1,missing,,[]
178,178_pointwise_3B_helpsteer2_noise0.3_seed29,pointwise,3B,Qwen/Qwen2.5-3B-Instruct,helpsteer2,0.3,29,4000,800,256,400,1,16,0.0002,0.1,16,32,0.05,6,5,32,25,1,missing,,[]
179,179_pointwise_3B_helpsteer2_noise0.3_seed47,pointwise,3B,Qwen/Qwen2.5-3B-Instruct,helpsteer2,0.3,47,4000,800,256,400,1,16,0.0002,0.1,16,32,0.05,6,5,32,25,1,missing,,[]
180,180_pointwise_3B_hh_rlhf_noise0.0_seed11,pointwise,3B,Qwen/Qwen2.5-3B-Instruct,hh_rlhf,0.0,11,4000,800,256,400,1,16,0.0002,0.1,16,32,0.05,6,5,32,25,1,missing,,[]
181,181_pointwise_3B_hh_rlhf_noise0.0_seed29,pointwise,3B,Qwen/Qwen2.5-3B-Instruct,hh_rlhf,0.0,29,4000,800,256,400,1,16,0.0002,0.1,16,32,0.05,6,5,32,25,1,missing,,[]
182,182_pointwise_3B_hh_rlhf_noise0.0_seed47,pointwise,3B,Qwen/Qwen2.5-3B-Instruct,hh_rlhf,0.0,47,4000,800,256,400,1,16,0.0002,0.1,16,32,0.05,6,5,32,25,1,missing,,[]
183,183_pointwise_3B_hh_rlhf_noise0.1_seed11,pointwise,3B,Qwen/Qwen2.5-3B-Instruct,hh_rlhf,0.1,11,4000,800,256,400,1,16,0.0002,0.1,16,32,0.05,6,5,32,25,1,missing,,[]
184,184_pointwise_3B_hh_rlhf_noise0.1_seed29,pointwise,3B,Qwen/Qwen2.5-3B-Instruct,hh_rlhf,0.1,29,4000,800,256,400,1,16,0.0002,0.1,16,32,0.05,6,5,32,25,1,missing,,[]
185,185_pointwise_3B_hh_rlhf_noise0.1_seed47,pointwise,3B,Qwen/Qwen2.5-3B-Instruct,hh_rlhf,0.1,47,4000,800,256,400,1,16,0.0002,0.1,16,32,0.05,6,5,32,25,1,missing,,[]
186,186_pointwise_3B_hh_rlhf_noise0.2_seed11,pointwise,3B,Qwen/Qwen2.5-3B-Instruct,hh_rlhf,0.2,11,4000,800,256,400,1,16,0.0002,0.1,16,32,0.05,6,5,32,25,1,missing,,[]
187,187_pointwise_3B_hh_rlhf_noise0.2_seed29,pointwise,3B,Qwen/Qwen2.5-3B-Instruct,hh_rlhf,0.2,29,4000,800,256,400,1,16,0.0002,0.1,16,32,0.05,6,5,32,25,1,missing,,[]
188,188_pointwise_3B_hh_rlhf_noise0.2_seed47,pointwise,3B,Qwen/Qwen2.5-3B-Instruct,hh_rlhf,0.2,47,4000,800,256,400,1,16,0.0002,0.1,16,32,0.05,6,5,32,25,1,missing,,[]
189,189_pointwise_3B_hh_rlhf_noise0.3_seed11,pointwise,3B,Qwen/Qwen2.5-3B-Instruct,hh_rlhf,0.3,11,4000,800,256,400,1,16,0.0002,0.1,16,32,0.05,6,5,32,25,1,missing,,[]
190,190_pointwise_3B_hh_rlhf_noise0.3_seed29,pointwise,3B,Qwen/Qwen2.5-3B-Instruct,hh_rlhf,0.3,29,4000,800,256,400,1,16,0.0002,0.1,16,32,0.05,6,5,32,25,1,missing,,[]
191,191_pointwise_3B_hh_rlhf_noise0.3_seed47,pointwise,3B,Qwen/Qwen2.5-3B-Instruct,hh_rlhf,0.3,47,4000,800,256,400,1,16,0.0002,0.1,16,32,0.05,6,5,32,25,1,missing,,[]
192,192_pointwise_8B_ultrafeedback_noise0.0_seed11,pointwise,8B,Qwen/Qwen3-8B,ultrafeedback,0.0,11,4000,800,256,400,1,16,0.0002,0.1,16,32,0.05,6,5,32,25,1,missing,,[]
193,193_pointwise_8B_ultrafeedback_noise0.0_seed29,pointwise,8B,Qwen/Qwen3-8B,ultrafeedback,0.0,29,4000,800,256,400,1,16,0.0002,0.1,16,32,0.05,6,5,32,25,1,missing,,[]
194,194_pointwise_8B_ultrafeedback_noise0.0_seed47,pointwise,8B,Qwen/Qwen3-8B,ultrafeedback,0.0,47,4000,800,256,400,1,16,0.0002,0.1,16,32,0.05,6,5,32,25,1,missing,,[]
195,195_pointwise_8B_ultrafeedback_noise0.1_seed11,pointwise,8B,Qwen/Qwen3-8B,ultrafeedback,0.1,11,4000,800,256,400,1,16,0.0002,0.1,16,32,0.05,6,5,32,25,1,missing,,[]
196,196_pointwise_8B_ultrafeedback_noise0.1_seed29,pointwise,8B,Qwen/Qwen3-8B,ultrafeedback,0.1,29,4000,800,256,400,1,16,0.0002,0.1,16,32,0.05,6,5,32,25,1,missing,,[]
197,197_pointwise_8B_ultrafeedback_noise0.1_seed47,pointwise,8B,Qwen/Qwen3-8B,ultrafeedback,0.1,47,4000,800,256,400,1,16,0.0002,0.1,16,32,0.05,6,5,32,25,1,missing,,[]
198,198_pointwise_8B_ultrafeedback_noise0.2_seed11,pointwise,8B,Qwen/Qwen3-8B,ultrafeedback,0.2,11,4000,800,256,400,1,16,0.0002,0.1,16,32,0.05,6,5,32,25,1,missing,,[]
199,199_pointwise_8B_ultrafeedback_noise0.2_seed29,pointwise,8B,Qwen/Qwen3-8B,ultrafeedback,0.2,29,4000,800,256,400,1,16,0.0002,0.1,16,32,0.05,6,5,32,25,1,missing,,[]
200,200_pointwise_8B_ultrafeedback_noise0.2_seed47,pointwise,8B,Qwen/Qwen3-8B,ultrafeedback,0.2,47,4000,800,256,400,1,16,0.0002,0.1,16,32,0.05,6,5,32,25,1,missing,,[]
201,201_pointwise_8B_ultrafeedback_noise0.3_seed11,pointwise,8B,Qwen/Qwen3-8B,ultrafeedback,0.3,11,4000,800,256,400,1,16,0.0002,0.1,16,32,0.05,6,5,32,25,1,missing,,[]
202,202_pointwise_8B_ultrafeedback_noise0.3_seed29,pointwise,8B,Qwen/Qwen3-8B,ultrafeedback,0.3,29,4000,800,256,400,1,16,0.0002,0.1,16,32,0.05,6,5,32,25,1,missing,,[]
203,203_pointwise_8B_ultrafeedback_noise0.3_seed47,pointwise,8B,Qwen/Qwen3-8B,ultrafeedback,0.3,47,4000,800,256,400,1,16,0.0002,0.1,16,32,0.05,6,5,32,25,1,missing,,[]
204,204_pointwise_8B_reddit_tldr_noise0.0_seed11,pointwise,8B,Qwen/Qwen3-8B,reddit_tldr,0.0,11,4000,800,256,400,1,16,0.0002,0.1,16,32,0.05,6,5,32,25,1,missing,,[]
205,205_pointwise_8B_reddit_tldr_noise0.0_seed29,pointwise,8B,Qwen/Qwen3-8B,reddit_tldr,0.0,29,4000,800,256,400,1,16,0.0002,0.1,16,32,0.05,6,5,32,25,1,missing,,[]
206,206_pointwise_8B_reddit_tldr_noise0.0_seed47,pointwise,8B,Qwen/Qwen3-8B,reddit_tldr,0.0,47,4000,800,256,400,1,16,0.0002,0.1,16,32,0.05,6,5,32,25,1,missing,,[]
207,207_pointwise_8B_reddit_tldr_noise0.1_seed11,pointwise,8B,Qwen/Qwen3-8B,reddit_tldr,0.1,11,4000,800,256,400,1,16,0.0002,0.1,16,32,0.05,6,5,32,25,1,missing,,[]
208,208_pointwise_8B_reddit_tldr_noise0.1_seed29,pointwise,8B,Qwen/Qwen3-8B,reddit_tldr,0.1,29,4000,800,256,400,1,16,0.0002,0.1,16,32,0.05,6,5,32,25,1,missing,,[]
209,209_pointwise_8B_reddit_tldr_noise0.1_seed47,pointwise,8B,Qwen/Qwen3-8B,reddit_tldr,0.1,47,4000,800,256,400,1,16,0.0002,0.1,16,32,0.05,6,5,32,25,1,missing,,[]
210,210_pointwise_8B_reddit_tldr_noise0.2_seed11,pointwise,8B,Qwen/Qwen3-8B,reddit_tldr,0.2,11,4000,800,256,400,1,16,0.0002,0.1,16,32,0.05,6,5,32,25,1,missing,,[]
211,211_pointwise_8B_reddit_tldr_noise0.2_seed29,pointwise,8B,Qwen/Qwen3-8B,reddit_tldr,0.2,29,4000,800,256,400,1,16,0.0002,0.1,16,32,0.05,6,5,32,25,1,missing,,[]
212,212_pointwise_8B_reddit_tldr_noise0.2_seed47,pointwise,8B,Qwen/Qwen3-8B,reddit_tldr,0.2,47,4000,800,256,400,1,16,0.0002,0.1,16,32,0.05,6,5,32,25,1,missing,,[]
213,213_pointwise_8B_reddit_tldr_noise0.3_seed11,pointwise,8B,Qwen/Qwen3-8B,reddit_tldr,0.3,11,4000,800,256,400,1,16,0.0002,0.1,16,32,0.05,6,5,32,25,1,missing,,[]
214,214_pointwise_8B_reddit_tldr_noise0.3_seed29,pointwise,8B,Qwen/Qwen3-8B,reddit_tldr,0.3,29,4000,800,256,400,1,16,0.0002,0.1,16,32,0.05,6,5,32,25,1,missing,,[]
215,215_pointwise_8B_reddit_tldr_noise0.3_seed47,pointwise,8B,Qwen/Qwen3-8B,reddit_tldr,0.3,47,4000,800,256,400,1,16,0.0002,0.1,16,32,0.05,6,5,32,25,1,missing,,[]
216,216_pointwise_8B_helpsteer2_noise0.0_seed11,pointwise,8B,Qwen/Qwen3-8B,helpsteer2,0.0,11,4000,800,256,400,1,16,0.0002,0.1,16,32,0.05,6,5,32,25,1,missing,,[]
217,217_pointwise_8B_helpsteer2_noise0.0_seed29,pointwise,8B,Qwen/Qwen3-8B,helpsteer2,0.0,29,4000,800,256,400,1,16,0.0002,0.1,16,32,0.05,6,5,32,25,1,missing,,[]
218,218_pointwise_8B_helpsteer2_noise0.0_seed47,pointwise,8B,Qwen/Qwen3-8B,helpsteer2,0.0,47,4000,800,256,400,1,16,0.0002,0.1,16,32,0.05,6,5,32,25,1,missing,,[]
219,219_pointwise_8B_helpsteer2_noise0.1_seed11,pointwise,8B,Qwen/Qwen3-8B,helpsteer2,0.1,11,4000,800,256,400,1,16,0.0002,0.1,16,32,0.05,6,5,32,25,1,missing,,[]
220,220_pointwise_8B_helpsteer2_noise0.1_seed29,pointwise,8B,Qwen/Qwen3-8B,helpsteer2,0.1,29,4000,800,256,400,1,16,0.0002,0.1,16,32,0.05,6,5,32,25,1,missing,,[]
221,221_pointwise_8B_helpsteer2_noise0.1_seed47,pointwise,8B,Qwen/Qwen3-8B,helpsteer2,0.1,47,4000,800,256,400,1,16,0.0002,0.1,16,32,0.05,6,5,32,25,1,missing,,[]
222,222_pointwise_8B_helpsteer2_noise0.2_seed11,pointwise,8B,Qwen/Qwen3-8B,helpsteer2,0.2,11,4000,800,256,400,1,16,0.0002,0.1,16,32,0.05,6,5,32,25,1,missing,,[]
223,223_pointwise_8B_helpsteer2_noise0.2_seed29,pointwise,8B,Qwen/Qwen3-8B,helpsteer2,0.2,29,4000,800,256,400,1,16,0.0002,0.1,16,32,0.05,6,5,32,25,1,missing,,[]
224,224_pointwise_8B_helpsteer2_noise0.2_seed47,pointwise,8B,Qwen/Qwen3-8B,helpsteer2,0.2,47,4000,800,256,400,1,16,0.0002,0.1,16,32,0.05,6,5,32,25,1,missing,,[]
225,225_pointwise_8B_helpsteer2_noise0.3_seed11,pointwise,8B,Qwen/Qwen3-8B,helpsteer2,0.3,11,4000,800,256,400,1,16,0.0002,0.1,16,32,0.05,6,5,32,25,1,missing,,[]
226,226_pointwise_8B_helpsteer2_noise0.3_seed29,pointwise,8B,Qwen/Qwen3-8B,helpsteer2,0.3,29,4000,800,256,400,1,16,0.0002,0.1,16,32,0.05,6,5,32,25,1,missing,,[]
227,227_pointwise_8B_helpsteer2_noise0.3_seed47,pointwise,8B,Qwen/Qwen3-8B,helpsteer2,0.3,47,4000,800,256,400,1,16,0.0002,0.1,16,32,0.05,6,5,32,25,1,missing,,[]
228,228_pointwise_8B_hh_rlhf_noise0.0_seed11,pointwise,8B,Qwen/Qwen3-8B,hh_rlhf,0.0,11,4000,800,256,400,1,16,0.0002,0.1,16,32,0.05,6,5,32,25,1,missing,,[]
229,229_pointwise_8B_hh_rlhf_noise0.0_seed29,pointwise,8B,Qwen/Qwen3-8B,hh_rlhf,0.0,29,4000,800,256,400,1,16,0.0002,0.1,16,32,0.05,6,5,32,25,1,missing,,[]
230,230_pointwise_8B_hh_rlhf_noise0.0_seed47,pointwise,8B,Qwen/Qwen3-8B,hh_rlhf,0.0,47,4000,800,256,400,1,16,0.0002,0.1,16,32,0.05,6,5,32,25,1,missing,,[]
231,231_pointwise_8B_hh_rlhf_noise0.1_seed11,pointwise,8B,Qwen/Qwen3-8B,hh_rlhf,0.1,11,4000,800,256,400,1,16,0.0002,0.1,16,32,0.05,6,5,32,25,1,missing,,[]
232,232_pointwise_8B_hh_rlhf_noise0.1_seed29,pointwise,8B,Qwen/Qwen3-8B,hh_rlhf,0.1,29,4000,800,256,400,1,16,0.0002,0.1,16,32,0.05,6,5,32,25,1,missing,,[]
233,233_pointwise_8B_hh_rlhf_noise0.1_seed47,pointwise,8B,Qwen/Qwen3-8B,hh_rlhf,0.1,47,4000,800,256,400,1,16,0.0002,0.1,16,32,0.05,6,5,32,25,1,missing,,[]
234,234_pointwise_8B_hh_rlhf_noise0.2_seed11,pointwise,8B,Qwen/Qwen3-8B,hh_rlhf,0.2,11,4000,800,256,400,1,16,0.0002,0.1,16,32,0.05,6,5,32,25,1,missing,,[]
235,235_pointwise_8B_hh_rlhf_noise0.2_seed29,pointwise,8B,Qwen/Qwen3-8B,hh_rlhf,0.2,29,4000,800,256,400,1,16,0.0002,0.1,16,32,0.05,6,5,32,25,1,missing,,[]
236,236_pointwise_8B_hh_rlhf_noise0.2_seed47,pointwise,8B,Qwen/Qwen3-8B,hh_rlhf,0.2,47,4000,800,256,400,1,16,0.0002,0.1,16,32,0.05,6,5,32,25,1,missing,,[]
237,237_pointwise_8B_hh_rlhf_noise0.3_seed11,pointwise,8B,Qwen/Qwen3-8B,hh_rlhf,0.3,11,4000,800,256,400,1,16,0.0002,0.1,16,32,0.05,6,5,32,25,1,missing,,[]
238,238_pointwise_8B_hh_rlhf_noise0.3_seed29,pointwise,8B,Qwen/Qwen3-8B,hh_rlhf,0.3,29,4000,800,256,400,1,16,0.0002,0.1,16,32,0.05,6,5,32,25,1,missing,,[]
239,239_pointwise_8B_hh_rlhf_noise0.3_seed47,pointwise,8B,Qwen/Qwen3-8B,hh_rlhf,0.3,47,4000,800,256,400,1,16,0.0002,0.1,16,32,0.05,6,5,32,25,1,missing,,[]
240,240_pointwise_14B_ultrafeedback_noise0.0_seed11,pointwise,14B,Qwen/Qwen2.5-14B-Instruct,ultrafeedback,0.0,11,4000,800,256,400,1,16,0.0002,0.1,16,32,0.05,6,5,32,25,1,missing,,[]
241,241_pointwise_14B_ultrafeedback_noise0.0_seed29,pointwise,14B,Qwen/Qwen2.5-14B-Instruct,ultrafeedback,0.0,29,4000,800,256,400,1,16,0.0002,0.1,16,32,0.05,6,5,32,25,1,missing,,[]
242,242_pointwise_14B_ultrafeedback_noise0.0_seed47,pointwise,14B,Qwen/Qwen2.5-14B-Instruct,ultrafeedback,0.0,47,4000,800,256,400,1,16,0.0002,0.1,16,32,0.05,6,5,32,25,1,missing,,[]
243,243_pointwise_14B_ultrafeedback_noise0.1_seed11,pointwise,14B,Qwen/Qwen2.5-14B-Instruct,ultrafeedback,0.1,11,4000,800,256,400,1,16,0.0002,0.1,16,32,0.05,6,5,32,25,1,missing,,[]
244,244_pointwise_14B_ultrafeedback_noise0.1_seed29,pointwise,14B,Qwen/Qwen2.5-14B-Instruct,ultrafeedback,0.1,29,4000,800,256,400,1,16,0.0002,0.1,16,32,0.05,6,5,32,25,1,missing,,[]
245,245_pointwise_14B_ultrafeedback_noise0.1_seed47,pointwise,14B,Qwen/Qwen2.5-14B-Instruct,ultrafeedback,0.1,47,4000,800,256,400,1,16,0.0002,0.1,16,32,0.05,6,5,32,25,1,missing,,[]
246,246_pointwise_14B_ultrafeedback_noise0.2_seed11,pointwise,14B,Qwen/Qwen2.5-14B-Instruct,ultrafeedback,0.2,11,4000,800,256,400,1,16,0.0002,0.1,16,32,0.05,6,5,32,25,1,missing,,[]
247,247_pointwise_14B_ultrafeedback_noise0.2_seed29,pointwise,14B,Qwen/Qwen2.5-14B-Instruct,ultrafeedback,0.2,29,4000,800,256,400,1,16,0.0002,0.1,16,32,0.05,6,5,32,25,1,missing,,[]
248,248_pointwise_14B_ultrafeedback_noise0.2_seed47,pointwise,14B,Qwen/Qwen2.5-14B-Instruct,ultrafeedback,0.2,47,4000,800,256,400,1,16,0.0002,0.1,16,32,0.05,6,5,32,25,1,missing,,[]
249,249_pointwise_14B_ultrafeedback_noise0.3_seed11,pointwise,14B,Qwen/Qwen2.5-14B-Instruct,ultrafeedback,0.3,11,4000,800,256,400,1,16,0.0002,0.1,16,32,0.05,6,5,32,25,1,missing,,[]
250,250_pointwise_14B_ultrafeedback_noise0.3_seed29,pointwise,14B,Qwen/Qwen2.5-14B-Instruct,ultrafeedback,0.3,29,4000,800,256,400,1,16,0.0002,0.1,16,32,0.05,6,5,32,25,1,missing,,[]
251,251_pointwise_14B_ultrafeedback_noise0.3_seed47,pointwise,14B,Qwen/Qwen2.5-14B-Instruct,ultrafeedback,0.3,47,4000,800,256,400,1,16,0.0002,0.1,16,32,0.05,6,5,32,25,1,missing,,[]
252,252_pointwise_14B_reddit_tldr_noise0.0_seed11,pointwise,14B,Qwen/Qwen2.5-14B-Instruct,reddit_tldr,0.0,11,4000,800,256,400,1,16,0.0002,0.1,16,32,0.05,6,5,32,25,1,missing,,[]
253,253_pointwise_14B_reddit_tldr_noise0.0_seed29,pointwise,14B,Qwen/Qwen2.5-14B-Instruct,reddit_tldr,0.0,29,4000,800,256,400,1,16,0.0002,0.1,16,32,0.05,6,5,32,25,1,missing,,[]
254,254_pointwise_14B_reddit_tldr_noise0.0_seed47,pointwise,14B,Qwen/Qwen2.5-14B-Instruct,reddit_tldr,0.0,47,4000,800,256,400,1,16,0.0002,0.1,16,32,0.05,6,5,32,25,1,missing,,[]
255,255_pointwise_14B_reddit_tldr_noise0.1_seed11,pointwise,14B,Qwen/Qwen2.5-14B-Instruct,reddit_tldr,0.1,11,4000,800,256,400,1,16,0.0002,0.1,16,32,0.05,6,5,32,25,1,missing,,[]
256,256_pointwise_14B_reddit_tldr_noise0.1_seed29,pointwise,14B,Qwen/Qwen2.5-14B-Instruct,reddit_tldr,0.1,29,4000,800,256,400,1,16,0.0002,0.1,16,32,0.05,6,5,32,25,1,missing,,[]
257,257_pointwise_14B_reddit_tldr_noise0.1_seed47,pointwise,14B,Qwen/Qwen2.5-14B-Instruct,reddit_tldr,0.1,47,4000,800,256,400,1,16,0.0002,0.1,16,32,0.05,6,5,32,25,1,missing,,[]
258,258_pointwise_14B_reddit_tldr_noise0.2_seed11,pointwise,14B,Qwen/Qwen2.5-14B-Instruct,reddit_tldr,0.2,11,4000,800,256,400,1,16,0.0002,0.1,16,32,0.05,6,5,32,25,1,missing,,[]
259,259_pointwise_14B_reddit_tldr_noise0.2_seed29,pointwise,14B,Qwen/Qwen2.5-14B-Instruct,reddit_tldr,0.2,29,4000,800,256,400,1,16,0.0002,0.1,16,32,0.05,6,5,32,25,1,missing,,[]
260,260_pointwise_14B_reddit_tldr_noise0.2_seed47,pointwise,14B,Qwen/Qwen2.5-14B-Instruct,reddit_tldr,0.2,47,4000,800,256,400,1,16,0.0002,0.1,16,32,0.05,6,5,32,25,1,missing,,[]
261,261_pointwise_14B_reddit_tldr_noise0.3_seed11,pointwise,14B,Qwen/Qwen2.5-14B-Instruct,reddit_tldr,0.3,11,4000,800,256,400,1,16,0.0002,0.1,16,32,0.05,6,5,32,25,1,missing,,[]
262,262_pointwise_14B_reddit_tldr_noise0.3_seed29,pointwise,14B,Qwen/Qwen2.5-14B-Instruct,reddit_tldr,0.3,29,4000,800,256,400,1,16,0.0002,0.1,16,32,0.05,6,5,32,25,1,missing,,[]
263,263_pointwise_14B_reddit_tldr_noise0.3_seed47,pointwise,14B,Qwen/Qwen2.5-14B-Instruct,reddit_tldr,0.3,47,4000,800,256,400,1,16,0.0002,0.1,16,32,0.05,6,5,32,25,1,missing,,[]
264,264_pointwise_14B_helpsteer2_noise0.0_seed11,pointwise,14B,Qwen/Qwen2.5-14B-Instruct,helpsteer2,0.0,11,4000,800,256,400,1,16,0.0002,0.1,16,32,0.05,6,5,32,25,1,missing,,[]
265,265_pointwise_14B_helpsteer2_noise0.0_seed29,pointwise,14B,Qwen/Qwen2.5-14B-Instruct,helpsteer2,0.0,29,4000,800,256,400,1,16,0.0002,0.1,16,32,0.05,6,5,32,25,1,missing,,[]
266,266_pointwise_14B_helpsteer2_noise0.0_seed47,pointwise,14B,Qwen/Qwen2.5-14B-Instruct,helpsteer2,0.0,47,4000,800,256,400,1,16,0.0002,0.1,16,32,0.05,6,5,32,25,1,missing,,[]
267,267_pointwise_14B_helpsteer2_noise0.1_seed11,pointwise,14B,Qwen/Qwen2.5-14B-Instruct,helpsteer2,0.1,11,4000,800,256,400,1,16,0.0002,0.1,16,32,0.05,6,5,32,25,1,missing,,[]
268,268_pointwise_14B_helpsteer2_noise0.1_seed29,pointwise,14B,Qwen/Qwen2.5-14B-Instruct,helpsteer2,0.1,29,4000,800,256,400,1,16,0.0002,0.1,16,32,0.05,6,5,32,25,1,missing,,[]
269,269_pointwise_14B_helpsteer2_noise0.1_seed47,pointwise,14B,Qwen/Qwen2.5-14B-Instruct,helpsteer2,0.1,47,4000,800,256,400,1,16,0.0002,0.1,16,32,0.05,6,5,32,25,1,missing,,[]
270,270_pointwise_14B_helpsteer2_noise0.2_seed11,pointwise,14B,Qwen/Qwen2.5-14B-Instruct,helpsteer2,0.2,11,4000,800,256,400,1,16,0.0002,0.1,16,32,0.05,6,5,32,25,1,missing,,[]
271,271_pointwise_14B_helpsteer2_noise0.2_seed29,pointwise,14B,Qwen/Qwen2.5-14B-Instruct,helpsteer2,0.2,29,4000,800,256,400,1,16,0.0002,0.1,16,32,0.05,6,5,32,25,1,missing,,[]
272,272_pointwise_14B_helpsteer2_noise0.2_seed47,pointwise,14B,Qwen/Qwen2.5-14B-Instruct,helpsteer2,0.2,47,4000,800,256,400,1,16,0.0002,0.1,16,32,0.05,6,5,32,25,1,missing,,[]
273,273_pointwise_14B_helpsteer2_noise0.3_seed11,pointwise,14B,Qwen/Qwen2.5-14B-Instruct,helpsteer2,0.3,11,4000,800,256,400,1,16,0.0002,0.1,16,32,0.05,6,5,32,25,1,missing,,[]
274,274_pointwise_14B_helpsteer2_noise0.3_seed29,pointwise,14B,Qwen/Qwen2.5-14B-Instruct,helpsteer2,0.3,29,4000,800,256,400,1,16,0.0002,0.1,16,32,0.05,6,5,32,25,1,missing,,[]
275,275_pointwise_14B_helpsteer2_noise0.3_seed47,pointwise,14B,Qwen/Qwen2.5-14B-Instruct,helpsteer2,0.3,47,4000,800,256,400,1,16,0.0002,0.1,16,32,0.05,6,5,32,25,1,missing,,[]
276,276_pointwise_14B_hh_rlhf_noise0.0_seed11,pointwise,14B,Qwen/Qwen2.5-14B-Instruct,hh_rlhf,0.0,11,4000,800,256,400,1,16,0.0002,0.1,16,32,0.05,6,5,32,25,1,missing,,[]
277,277_pointwise_14B_hh_rlhf_noise0.0_seed29,pointwise,14B,Qwen/Qwen2.5-14B-Instruct,hh_rlhf,0.0,29,4000,800,256,400,1,16,0.0002,0.1,16,32,0.05,6,5,32,25,1,missing,,[]
278,278_pointwise_14B_hh_rlhf_noise0.0_seed47,pointwise,14B,Qwen/Qwen2.5-14B-Instruct,hh_rlhf,0.0,47,4000,800,256,400,1,16,0.0002,0.1,16,32,0.05,6,5,32,25,1,missing,,[]
279,279_pointwise_14B_hh_rlhf_noise0.1_seed11,pointwise,14B,Qwen/Qwen2.5-14B-Instruct,hh_rlhf,0.1,11,4000,800,256,400,1,16,0.0002,0.1,16,32,0.05,6,5,32,25,1,missing,,[]
280,280_pointwise_14B_hh_rlhf_noise0.1_seed29,pointwise,14B,Qwen/Qwen2.5-14B-Instruct,hh_rlhf,0.1,29,4000,800,256,400,1,16,0.0002,0.1,16,32,0.05,6,5,32,25,1,missing,,[]
281,281_pointwise_14B_hh_rlhf_noise0.1_seed47,pointwise,14B,Qwen/Qwen2.5-14B-Instruct,hh_rlhf,0.1,47,4000,800,256,400,1,16,0.0002,0.1,16,32,0.05,6,5,32,25,1,missing,,[]
282,282_pointwise_14B_hh_rlhf_noise0.2_seed11,pointwise,14B,Qwen/Qwen2.5-14B-Instruct,hh_rlhf,0.2,11,4000,800,256,400,1,16,0.0002,0.1,16,32,0.05,6,5,32,25,1,missing,,[]
283,283_pointwise_14B_hh_rlhf_noise0.2_seed29,pointwise,14B,Qwen/Qwen2.5-14B-Instruct,hh_rlhf,0.2,29,4000,800,256,400,1,16,0.0002,0.1,16,32,0.05,6,5,32,25,1,missing,,[]
284,284_pointwise_14B_hh_rlhf_noise0.2_seed47,pointwise,14B,Qwen/Qwen2.5-14B-Instruct,hh_rlhf,0.2,47,4000,800,256,400,1,16,0.0002,0.1,16,32,0.05,6,5,32,25,1,missing,,[]
285,285_pointwise_14B_hh_rlhf_noise0.3_seed11,pointwise,14B,Qwen/Qwen2.5-14B-Instruct,hh_rlhf,0.3,11,4000,800,256,400,1,16,0.0002,0.1,16,32,0.05,6,5,32,25,1,missing,,[]
286,286_pointwise_14B_hh_rlhf_noise0.3_seed29,pointwise,14B,Qwen/Qwen2.5-14B-Instruct,hh_rlhf,0.3,29,4000,800,256,400,1,16,0.0002,0.1,16,32,0.05,6,5,32,25,1,missing,,[]
287,287_pointwise_14B_hh_rlhf_noise0.3_seed47,pointwise,14B,Qwen/Qwen2.5-14B-Instruct,hh_rlhf,0.3,47,4000,800,256,400,1,16,0.0002,0.1,16,32,0.05,6,5,32,25,1,missing,,[]
